<?xml version="1.0" encoding="UTF-8"?>
<project-private xmlns="http://www.netbeans.org/ns/project-private/1">
    <editor-bookmarks xmlns="http://www.netbeans.org/ns/editor-bookmarks/1"/>
    <editor-bookmarks xmlns="http://www.netbeans.org/ns/editor-bookmarks/2" lastBookmarkId="0"/>
    <open-files xmlns="http://www.netbeans.org/ns/projectui-open-files/2">
        <group>
            <file>file:/D:/.Dydaktyka/.Java%20SE/exercises/aktualne/exercise.5/JDBC/src/apps/InsertDataApp.java</file>
            <file>file:/D:/.Dydaktyka/.Java%20SE/exercises/aktualne/exercise.5/JDBC/src/apps/UpdateDataApp.java</file>
            <file>file:/D:/.Dydaktyka/.Java%20SE/exercises/aktualne/exercise.5/JDBC/src/apps/DeleteDataApp.java</file>
            <file>file:/D:/.Dydaktyka/.Java%20SE/exercises/aktualne/exercise.5/JDBC/src/apps/SelectDataApp.java</file>
            <file>file:/D:/.Dydaktyka/.Java%20SE/exercises/aktualne/exercise.5/JDBC/src/apps/CreateTablesApp.java</file>
        </group>
    </open-files>
</project-private>
